taxon	rank	direction	p	q	median_case	median_control	mean_log1p_case	mean_log1p_control	prevalence_case	prevalence_control	rank_biserial	in_bugsigdb	bugsigdb_direction
5-7n15	genus	increased	0.0	0.0	0.101627	0.0	0.161011	0.0	1.0	0.0	1.0	False	
cf231	genus	increased	0.0	0.0	0.028701	0.0	0.044289	0.0	1.0	0.0	1.0	False	
smb53	genus	increased	0.0	0.0	0.226911	0.0	0.354406	0.0	1.0	0.0	1.0	False	
prevotella melaninogenica	species	increased	0.0	0.0	0.325889	0.0	0.539985	0.0	1.0	0.0	1.0	False	
blautia producta	species	increased	0.0	0.0	0.135134	0.0	0.162131	6.7e-05	1.0	0.008	0.999837	False	
shuttleworthia satelles	species	increased	0.0	0.0	0.015489	0.0	0.030589	0.0	0.979592	0.0	0.979592	False	
gw-34	genus	increased	0.0	0.0	0.006662	0.0	0.013417	0.0	0.979592	0.0	0.979592	False	
bacteroides eggerthii	species	increased	0.0	0.0	0.025958	0.0	0.076361	5.2e-05	0.979592	0.004	0.976571	False	
veillonella dispar	species	increased	0.0	0.0	0.014426	0.0	0.029915	0.0	0.969388	0.0	0.969388	True	decreased
veillonella parvula	species	increased	0.0	0.0	0.012489	0.0	0.029161	0.0	0.969388	0.0	0.969388	False	
yrc22	genus	increased	0.0	0.0	0.006009	0.0	0.009588	0.0	0.969388	0.0	0.969388	False	
ruminococcus flavefaciens	species	increased	0.0	0.0	0.04438	0.0	0.05971	0.0	0.959184	0.0	0.959184	False	
bf311	genus	increased	0.0	0.0	0.004053	0.0	0.00549	0.0	0.959184	0.0	0.959184	False	
blvii28	genus	increased	0.0	0.0	0.010998	0.0	0.019372	0.0	0.959184	0.0	0.959184	False	
prevotella stercorea	species	increased	0.0	0.0	0.0467	0.0	0.311844	0.000146	0.979592	0.024	0.97151	False	
bacteroides uniformis	species	increased	0.0	0.0	0.776805	0.0	0.795003	0.000333	1.0	0.056	0.999673	True	decreased
lachnobacterium	genus	increased	0.0	0.0	0.017408	0.0	0.047891	0.0	0.928571	0.0	0.928571	False	
blautia obeum	species	increased	0.0	0.0	0.013543	0.0	0.026215	0.000174	0.959184	0.016	0.947755	False	
coprococcus eutactus	species	increased	0.0	0.0	0.022067	0.0	0.066445	0.0	0.918367	0.0	0.918367	True	decreased
ruminococcus gnavus	species	increased	0.0	0.0	0.377804	0.0	0.363087	0.000819	1.0	0.072	0.99902	False	
marvinbryantia formatexigens	species	increased	0.0	0.0	0.004479	0.0	0.012914	5.5e-05	0.938776	0.012	0.929388	False	
methylibium	genus	increased	0.0	0.0	0.004067	0.0	0.005746	0.0	0.908163	0.0	0.908163	False	
bacteroides ovatus	species	increased	0.0	0.0	0.097899	0.0	0.289705	0.00109	1.0	0.06	0.980163	False	
bacteroides coprophilus	species	increased	0.0	0.0	0.003805	0.0	0.11925	4.4e-05	0.918367	0.008	0.909959	False	
erwinia	genus	increased	0.0	0.0	0.007326	0.0	0.033569	0.0	0.897959	0.0	0.897959	False	
bacteroides fragilis	species	increased	0.0	0.0	0.015703	0.0	0.139265	0.000226	0.959184	0.032	0.93951	False	
ramlibacter	genus	increased	0.0	0.0	0.003821	0.0	0.006778	0.0	0.887755	0.0	0.887755	False	
sporomusa	genus	increased	0.0	0.0	0.017263	0.0	0.023759	7e-05	0.908163	0.012	0.902571	False	
syntrophococcus sucromutans	species	increased	0.0	0.0	0.003085	0.0	0.005334	0.0	0.877551	0.004	0.877061	False	
oscillospira guilliermondii	species	increased	0.0	0.0	0.002209	0.0	0.003942	0.0	0.867347	0.0	0.867347	False	
citrobacter	genus	increased	0.0	0.0	0.008492	0.0	0.037792	0.0	0.867347	0.0	0.867347	False	
bacteroides acidifaciens	species	increased	0.0	0.0	0.005492	0.0	0.014324	9.4e-05	0.928571	0.032	0.911429	False	
dechloromonas	genus	increased	0.0	0.0	0.003008	0.0	0.006478	3.4e-05	0.877551	0.004	0.872	False	
bacteroides caccae	species	increased	0.0	0.0	0.03098	0.0	0.088804	0.000517	0.94898	0.048	0.922694	False	
pelosinus	genus	increased	0.0	0.0	0.009594	0.0	0.020573	0.000273	0.918367	0.024	0.897224	False	
bacteroides barnesiae	species	increased	0.0	0.0	0.002164	0.0	0.013863	0.0	0.846939	0.0	0.846939	False	
clostridium difficile	species	increased	0.0	0.0	0.005688	0.0	0.022703	0.0	0.846939	0.0	0.846939	False	
prevotella copri	species	increased	0.0	0.0	12.519506	0.0	2.609889	0.007216	1.0	0.164	0.997959	False	
coprobacillus cateniformis	species	increased	0.0	0.0	0.002687	0.0	0.011208	0.0	0.836735	0.0	0.836735	False	
staphylococcus aureus	species	increased	0.0	0.0	0.001768	0.0	0.002694	0.0	0.836735	0.0	0.836735	False	
coprobacillus	genus	increased	0.0	0.0	0.010213	0.0	0.02904	0.000477	0.969388	0.056	0.926857	False	
vadinhb04	genus	increased	0.0	0.0	0.008234	0.0	0.014645	0.0	0.836735	0.0	0.836735	False	
haemophilus parainfluenzae	species	increased	0.0	0.0	0.00953	0.0	0.078012	1e-05	0.846939	0.008	0.844163	False	
eubacterium dolichum	species	increased	0.0	0.0	0.003866	0.0	0.020691	0.0	0.826531	0.0	0.826531	False	
clostridium fimetarium	species	increased	0.0	0.0	0.003326	0.0	0.004926	1.8e-05	0.836735	0.008	0.832082	False	
klebsiella	genus	increased	0.0	0.0	0.005206	0.0	0.056704	0.000104	0.857143	0.016	0.843102	False	
clostridium intestinale	species	increased	0.0	0.0	0.005036	0.0	0.025135	0.0	0.806122	0.0	0.806122	False	
clostridium perfringens	species	increased	0.0	0.0	0.006368	0.0	0.033088	3.9e-05	0.826531	0.008	0.820898	False	
prevotella nanceiensis	species	increased	0.0	0.0	0.11028	0.0	0.309295	0.0	0.795918	0.0	0.795918	False	
ethanoligenens	genus	increased	0.0	0.0	0.001113	0.0	0.002635	1e-06	0.806122	0.004	0.805347	False	
klebsiella oxytoca	species	increased	0.0	0.0	0.003014	0.0	0.024552	0.0	0.785714	0.0	0.785714	False	
pectinatus	genus	increased	0.0	0.0	0.003027	0.0	0.126774	1.8e-05	0.77551	0.004	0.772082	False	
coprococcus	genus	increased	0.0	0.0	0.576378	0.0	0.504652	0.005074	1.0	0.32	0.995755	True	decreased
azobacteroides	genus	increased	0.0	0.0	0.01034	0.0	0.019081	0.001238	1.0	0.116	0.899592	False	
dorea formicigenerans	species	increased	0.0	0.0	0.038156	0.0	0.053124	0.002237	1.0	0.256	0.954204	True	mixed
02d06	genus	increased	0.0	0.0	0.001501	0.0	0.005297	0.0	0.72449	0.0	0.72449	False	
serratia	genus	increased	0.0	0.0	0.001551	0.0	0.013859	0.0	0.72449	0.0	0.72449	False	
bifidobacterium longum	species	increased	0.0	0.0	0.005006	0.0	0.040885	0.0	0.714286	0.0	0.714286	False	
tepidimicrobium	genus	increased	0.0	0.0	0.00163	0.0	0.003813	0.00027	0.836735	0.032	0.788082	False	
ruminococcus torques	species	increased	0.0	0.0	0.009032	0.0	0.022816	0.00093	0.959184	0.112	0.867184	False	
bacteroides plebeius	species	increased	0.0	0.0	0.146092	0.0	0.57986	0.018054	0.989796	0.156	0.893673	False	
subdoligranulum	genus	decreased	0.0	0.0	0.0	1.444249	0.0	0.89481	0.0	0.996	-0.996	False	
lachnoclostridium	genus	decreased	0.0	0.0	0.0	0.569123	0.0	0.476487	0.0	0.988	-0.988	True	increased
prevotella	genus	increased	0.0	0.0	22.528462	0.021028	2.972583	0.058166	1.0	0.8	0.998857	True	increased
staphylococcus	genus	increased	0.0	0.0	0.006757	0.0	0.010206	0.000805	0.959184	0.112	0.850531	False	
clostridium celatum	species	increased	0.0	0.0	0.001821	0.0	0.014013	0.0	0.683673	0.0	0.683673	True	decreased
agathobacter	genus	decreased	0.0	0.0	0.0	0.760537	0.0	0.601289	0.0	0.984	-0.984	False	
bulleidia	genus	increased	0.0	0.0	0.001591	0.0	0.004586	0.0	0.683673	0.0	0.683673	False	
fusicatenibacter	genus	decreased	0.0	0.0	0.0	0.605352	0.0	0.481886	0.0	0.98	-0.98	True	decreased
oscillibacter	genus	decreased	0.0	0.0	0.0	0.228321	0.0	0.217464	0.0	0.98	-0.98	True	decreased
faecalibacterium prausnitzii	species	increased	0.0	0.0	2.79331	0.0	1.274893	0.004237	1.0	0.356	0.936245	True	decreased
anaerovibrio	genus	increased	0.0	0.0	0.005927	0.0	0.035958	0.004501	0.816327	0.052	0.769959	False	
bifidobacterium adolescentis	species	increased	0.0	0.0	0.001957	0.0	0.040918	0.0	0.673469	0.0	0.673469	False	
butyricicoccus	genus	decreased	0.0	0.0	0.0	0.277617	0.000818	0.260132	0.163265	0.98	-0.976653	False	
lachnospira pectinoschiza	species	increased	0.0	0.0	0.002629	0.0	0.020195	0.000122	0.683673	0.004	0.678	True	decreased
bacteroides coprosuis	species	increased	0.0	0.0	0.000967	0.0	0.004636	0.0	0.663265	0.0	0.663265	False	
clostridium hiranonis	species	increased	0.0	0.0	0.001104	0.0	0.004966	0.0	0.663265	0.0	0.663265	False	
parabacteroides distasonis	species	increased	0.0	0.0	0.375956	0.000146	0.44997	0.00885	0.989796	0.5	0.944122	False	
alistipes	genus	decreased	0.0	0.0	0.000333	1.124385	0.006131	0.779753	0.510204	0.98	-0.965388	False	
oscillospira	genus	increased	0.0	0.0	0.257635	0.00729	0.319674	0.013675	1.0	0.644	0.956327	True	decreased
clostridium	genus	increased	0.0	0.0	0.329259	0.007593	0.383047	0.017126	1.0	0.672	0.957551	True	mixed
corynebacterium	genus	increased	0.0	0.0	0.001745	0.0	0.004155	0.000357	0.77551	0.036	0.725959	False	
clostridium gasigenes	species	increased	0.0	0.0	0.000813	0.0	0.004212	0.0	0.642857	0.0	0.642857	False	
enterorhabdus	genus	decreased	0.0	0.0	0.0	0.081474	0.0	0.092383	0.0	0.944	-0.944	False	
bacillus	genus	increased	0.0	0.0	0.001933	0.0	0.005053	0.000347	0.795918	0.048	0.735918	True	increased
plesiomonas shigelloides	species	increased	0.0	0.0	0.000988	0.0	0.01063	0.0	0.632653	0.0	0.632653	False	
plesiomonas	genus	increased	0.0	0.0	0.001046	0.0	0.010697	0.0	0.632653	0.0	0.632653	False	
ruminococcus	genus	increased	0.0	0.0	1.106793	0.078037	0.804053	0.087706	1.0	0.9	0.945551	True	decreased
collinsella stercoris	species	increased	0.0	0.0	0.001234	0.0	0.009025	0.0	0.622449	0.0	0.622449	False	
roseburia faecis	species	increased	0.0	0.0	0.034086	0.0	0.074421	0.003224	0.989796	0.248	0.860408	True	decreased
trabulsiella	genus	increased	0.0	0.0	0.00101	0.0	0.006406	0.0	0.622449	0.0	0.622449	False	
barnesiella	genus	decreased	0.0	0.0	0.0	0.141818	0.000694	0.207529	0.27551	0.948	-0.931959	False	
holdemanella	genus	decreased	0.0	0.0	0.0	0.049252	0.0	0.116854	0.0	0.92	-0.92	False	
hydrogenophaga	genus	increased	0.0	0.0	0.000645	0.0	0.006102	2.8e-05	0.632653	0.004	0.627429	False	
hafnia alvei	species	increased	0.0	0.0	0.001025	0.0	0.007205	0.0	0.602041	0.0	0.602041	False	
dysgonomonas	genus	increased	0.0	0.0	0.099257	0.0	0.169433	0.005324	1.0	0.44	0.892163	False	
acidovorax	genus	increased	0.0	0.0	0.00059	0.0	0.000971	0.0	0.602041	0.0	0.602041	False	
hafnia	genus	increased	0.0	0.0	0.001025	0.0	0.007205	0.0	0.602041	0.0	0.602041	False	
hamiltonella	genus	increased	0.0	0.0	0.001408	0.0	0.006545	0.0	0.602041	0.0	0.602041	False	
mannheimia	genus	increased	0.0	0.0	0.000853	0.0	0.009019	0.0	0.602041	0.0	0.602041	False	
clostridium colinum	species	increased	0.0	0.0	0.000796	0.0	0.00179	2e-05	0.612245	0.004	0.606776	True	increased
eggerthella	genus	decreased	0.0	0.0	0.000713	0.212968	0.003636	0.210186	0.55102	0.952	-0.916816	True	increased
ruminiclostridium	genus	decreased	0.0	0.0	0.0	0.039916	0.0	0.05472	0.0	0.896	-0.896	False	
enterobacter	genus	increased	0.0	0.0	0.000745	0.0	0.0038	3.8e-05	0.622449	0.008	0.615429	False	
soleaferrea	genus	decreased	0.0	0.0	0.0	0.050953	0.0	0.059593	0.0	0.892	-0.892	False	
akkermansia	genus	decreased	0.0	0.0	0.0	0.326418	0.025353	0.442371	0.244898	0.984	-0.907102	True	increased
anaerostipes	genus	decreased	0.0	0.0	0.060478	0.585622	0.086065	0.51501	0.989796	0.984	-0.90898	False	
baumannia cicadellinicola	species	increased	0.0	0.0	0.00081	0.0	0.003924	0.0	0.581633	0.0	0.581633	False	
serratia marcescens	species	increased	0.0	0.0	0.000812	0.0	0.004681	0.0	0.581633	0.0	0.581633	False	
succinivibrio	genus	increased	0.0	0.0	0.001848	0.0	0.144808	0.00569	0.714286	0.04	0.665469	False	
baumannia	genus	increased	0.0	0.0	0.00081	0.0	0.003924	0.0	0.581633	0.0	0.581633	False	
aggregatibacter	genus	increased	0.0	0.0	0.000932	0.0	0.01187	5.8e-05	0.612245	0.008	0.601796	False	
erwinia dispersa	species	increased	0.0	0.0	0.000627	0.0	0.003146	0.0	0.571429	0.0	0.571429	False	
acetitomaculum	genus	decreased	0.0	0.0	0.0	0.031222	0.0	0.044161	0.0	0.872	-0.872	False	
pw3	genus	increased	0.0	0.0	0.000753	0.0	0.002662	0.0	0.571429	0.0	0.571429	False	
intestinimonas	genus	decreased	0.0	0.0	0.0	0.018019	0.0	0.025481	0.0	0.864	-0.864	False	
bulleidia moorei	species	increased	0.0	0.0	0.000634	0.0	0.002138	0.0	0.561224	0.0	0.561224	False	
negativibacillus	genus	decreased	0.0	0.0	0.0	0.050035	0.0	0.086642	0.0	0.86	-0.86	False	
fusibacter	genus	increased	0.0	0.0	0.007224	0.0	0.019977	0.001355	0.897959	0.152	0.760653	False	
phlomobacter	genus	increased	0.0	0.0	0.000621	0.0	0.003672	0.0	0.561224	0.0	0.561224	False	
fibrobacter	genus	decreased	0.0	0.0	0.0	0.044771	0.0	0.052382	0.0	0.844	-0.844	False	
tyzzerella	genus	decreased	0.0	0.0	0.0	0.028934	0.0	0.062867	0.0	0.84	-0.84	True	increased
actinobacillus parahaemolyticus	species	increased	0.0	0.0	0.000554	0.0	0.006823	0.0	0.540816	0.0	0.540816	False	
eggerthella lenta	species	increased	0.0	0.0	0.000713	0.0	0.00355	1.7e-05	0.55102	0.004	0.545878	True	increased
erysipelatoclostridium	genus	decreased	0.0	0.0	0.0	0.035671	0.0	0.052515	0.0	0.832	-0.832	False	
parasutterella	genus	decreased	0.0	0.0	0.0	0.089896	0.0	0.183454	0.0	0.828	-0.828	False	
alloprevotella	genus	decreased	0.0	0.0	0.0	0.021507	0.0	0.120614	0.0	0.82	-0.82	False	
ruminococcus	species	decreased	0.0	0.0	0.0	0.032332	0.0	0.047006	0.0	0.816	-0.816	True	decreased
granulicatella	genus	increased	0.0	0.0	0.001883	0.0	0.005738	0.00078	0.806122	0.096	0.680163	False	
megamonas hypermegale	species	increased	0.0	0.0	0.000434	0.0	0.028102	0.0	0.510204	0.0	0.510204	False	
paraprevotella	genus	increased	0.0	0.0	1.026082	0.018928	0.668769	0.143688	1.0	0.708	0.825469	False	
desulfovibrio vulgaris	species	increased	0.0	0.0	0.000194	0.0	0.001067	0.0	0.5	0.0	0.5	False	
enterobacter cloacae	species	increased	0.0	0.0	0.00017	0.0	0.001856	0.0	0.5	0.0	0.5	False	
paenibacillus	genus	increased	0.0	0.0	0.001169	0.0	0.004637	0.000753	0.77551	0.088	0.642939	False	
nelumbo nucifera	species	increased	0.0	0.0	0.0	0.0	0.000604	0.0	0.479592	0.0	0.479592	False	
trabulsiella farmeri	species	increased	0.0	0.0	0.0	0.0	0.003656	0.0	0.479592	0.0	0.479592	False	
paludibacter	genus	increased	0.0	0.0	0.024301	0.0	0.050901	0.004779	1.0	0.356	0.766776	False	
cronobacter	genus	increased	0.0	0.0	0.0	0.0	0.002153	0.0	0.479592	0.0	0.479592	False	
nelumbo	genus	increased	0.0	0.0	0.0	0.0	0.000604	0.0	0.479592	0.0	0.479592	False	
clostridium ruminantium	species	increased	0.0	0.0	0.0	0.0	0.001325	0.0	0.469388	0.0	0.469388	False	
enterococcus	genus	increased	0.0	0.0	0.002348	0.0	0.005017	0.004957	0.826531	0.112	0.653306	True	increased
alistipes indistinctus	species	increased	0.0	0.0	0.0	0.0	0.005547	8.2e-05	0.479592	0.004	0.474082	False	
marvinbryantia	genus	decreased	0.0	0.0	0.004479	0.08814	0.012914	0.096517	0.938776	0.936	-0.790612	True	decreased
olivibacter sitiensis	species	increased	0.0	0.0	0.0	0.0	0.00779	0.0	0.459184	0.0	0.459184	False	
victoria amazonica	species	increased	0.0	0.0	0.0	0.0	0.000808	0.0	0.459184	0.0	0.459184	False	
flavonifractor	genus	decreased	0.0	0.0	0.0	0.012093	0.0	0.017119	0.0	0.748	-0.748	True	decreased
olivibacter	genus	increased	0.0	0.0	0.0	0.0	0.00779	0.0	0.459184	0.0	0.459184	False	
treponema	genus	increased	0.0	0.0	0.0	0.0	0.001006	0.0	0.459184	0.0	0.459184	False	
victoria	genus	increased	0.0	0.0	0.0	0.0	0.000808	0.0	0.459184	0.0	0.459184	False	
bacteroides	species	decreased	0.0	0.0	0.0	0.017039	0.0	0.025349	0.0	0.74	-0.74	True	decreased
eubacterium biforme	species	increased	0.0	0.0	0.0	0.0	0.049334	0.0	0.44898	0.0	0.44898	False	
parabacteroides gordonii	species	increased	0.0	0.0	0.0	0.0	0.002731	7e-06	0.459184	0.004	0.455469	False	
prevotella nigrescens	species	increased	0.0	0.0	0.0	0.0	0.001038	1.7e-05	0.459184	0.004	0.453755	False	
actinobacillus	genus	increased	0.0	0.0	0.000702	0.0	0.007936	0.000313	0.581633	0.04	0.531673	False	
krokinobacter genikus	species	increased	0.0	0.0	0.0	0.0	0.000552	0.0	0.438776	0.0	0.438776	False	
rothia mucilaginosa	species	increased	0.0	0.0	0.0	0.0	0.001675	0.0	0.438776	0.0	0.438776	False	
krokinobacter	genus	increased	0.0	0.0	0.0	0.0	0.000552	0.0	0.438776	0.0	0.438776	False	
eubacterium eligens	species	decreased	0.0	0.0	0.0	0.019895	0.0	0.032305	0.0	0.72	-0.72	False	
adlercreutzia	genus	increased	0.0	0.0	0.002162	0.0	0.006897	0.001147	0.785714	0.116	0.622735	True	decreased
lautropia	genus	increased	0.0	0.0	0.000393	0.0	0.001838	0.000134	0.520408	0.024	0.492571	False	
sutterella	genus	increased	0.0	0.0	1.155617	0.105779	0.838468	0.229151	1.0	0.848	0.762776	False	
thiomonas	genus	increased	0.0	0.0	0.0	0.0	0.001983	0.000132	0.479592	0.012	0.462571	False	
macellibacteroides	genus	decreased	0.0	0.0	0.0	0.013076	0.0	0.019348	0.0	0.708	-0.708	False	
clostridium methylpentosum	species	increased	0.0	0.0	0.0	0.0	0.002001	3e-05	0.438776	0.004	0.433592	False	
brevibacillus reuszeri	species	increased	0.0	0.0	0.0	0.0	0.0005	0.0	0.418367	0.0	0.418367	False	
romboutsia	genus	decreased	0.0	0.0	0.0	0.021657	0.0	0.067473	0.0	0.7	-0.7	True	decreased
solobacterium	genus	decreased	0.0	0.0	0.0	0.014284	0.0	0.028096	0.0	0.7	-0.7	False	
sharpea	genus	increased	0.0	0.0	0.0	0.0	0.003197	2.9e-05	0.428571	0.004	0.423592	False	
eubacterium cylindroides	species	increased	0.0	0.0	0.0	0.0	0.005206	0.0	0.408163	0.0	0.408163	False	
pygmaiobacter	genus	decreased	0.0	0.0	0.0	0.009048	0.0	0.012326	0.0	0.676	-0.676	False	
oligella	genus	increased	0.0	0.0	0.0	0.0	0.000856	0.0	0.397959	0.0	0.397959	False	
thiobacillus	genus	increased	0.0	0.0	0.0	0.0	0.005462	1e-06	0.408163	0.004	0.405796	False	
streptococcus infantis	species	increased	0.0	0.0	0.0	0.0	0.000484	0.0	0.387755	0.0	0.387755	False	
clostridium butyricum	species	increased	0.0	0.0	0.0	0.0	0.007194	4.7e-05	0.428571	0.012	0.41502	True	increased
hydrogenoanaerobacterium	genus	decreased	0.0	0.0	0.0	0.00912	0.0	0.012119	0.0	0.656	-0.656	False	
cc 115	genus	increased	0.0	0.0	0.0	0.0	0.001394	0.0	0.377551	0.0	0.377551	False	
staphylococcus epidermidis	species	increased	0.0	0.0	0.0	0.0	0.00043	0.0	0.367347	0.0	0.367347	False	
succinispira mobilis	species	increased	0.0	0.0	0.0	0.0	0.000717	0.0	0.367347	0.0	0.367347	False	
desulfotomaculum	genus	decreased	0.0	0.0	0.0	0.014885	0.000194	0.038419	0.244898	0.74	-0.674367	False	
selenomonas	genus	increased	0.0	0.0	0.001162	0.0	0.010894	0.001186	0.632653	0.1	0.529388	False	
coriobacterium	genus	increased	0.0	0.0	0.0	0.0	0.001601	0.000165	0.489796	0.036	0.445469	False	
limnohabitans	genus	increased	0.0	0.0	0.0	0.0	0.000592	0.0	0.357143	0.0	0.357143	False	
eisenbergiella	genus	decreased	0.0	0.0	0.0	0.007134	0.0	0.015332	0.0	0.624	-0.624	True	increased
sellimonas	genus	decreased	0.0	0.0	0.0	0.007025	0.0	0.012649	0.0	0.616	-0.616	False	
senegalimassilia	genus	decreased	0.0	0.0	0.0	0.008465	0.0	0.022737	0.0	0.616	-0.616	False	
succinispira	genus	increased	0.0	0.0	0.0	0.0	0.000717	3.3e-05	0.367347	0.004	0.361959	False	
beggiatoa	genus	increased	0.0	0.0	0.0	0.0	0.000893	0.0	0.346939	0.0	0.346939	False	
wohlfahrtiimonas	genus	increased	0.0	0.0	0.0	0.0	0.001252	0.0	0.346939	0.0	0.346939	False	
caproiciproducens	genus	decreased	0.0	0.0	0.0	0.007463	0.0	0.014227	0.0	0.608	-0.608	False	
collinsella	genus	decreased	0.0	0.0	0.050254	0.32602	0.118844	0.3724	0.887755	0.984	-0.668735	True	decreased
anaerosporobacter	genus	decreased	0.0	0.0	0.0	0.006163	0.0	0.019118	0.0	0.604	-0.604	False	
rc4-4	genus	increased	0.0	0.0	0.0	0.0	0.002017	0.0	0.336735	0.0	0.336735	False	
vagococcus	genus	increased	0.0	0.0	0.0	0.0	0.000471	0.0	0.336735	0.0	0.336735	False	
clostridiisalibacter	genus	increased	0.0	0.0	0.0	0.0	0.001084	0.000105	0.397959	0.016	0.377061	False	
oribacterium	genus	decreased	0.0	0.0	0.003499	0.029333	0.005661	0.033092	0.908163	0.872	-0.657388	False	
pontibacillus	genus	increased	0.0	0.0	0.0	0.0	0.001332	0.0	0.326531	0.0	0.326531	False	
catenibacterium	genus	decreased	0.0	0.0	0.0	0.030394	0.024329	0.092794	0.44898	0.852	-0.642531	True	decreased
epulopiscium	genus	increased	0.0	0.0	0.001564	0.0	0.022999	0.006669	0.826531	0.18	0.554082	False	
cronobacter dublinensis	species	increased	0.0	0.0	0.0	0.0	0.001545	0.0	0.316327	0.0	0.316327	False	
desulfosporosinus meridiei	species	increased	0.0	0.0	0.0	0.0	0.000412	0.0	0.316327	0.0	0.316327	False	
serratia symbiotica	species	increased	0.0	0.0	0.0	0.0	0.00088	0.0	0.316327	0.0	0.316327	False	
shewanella	genus	increased	0.0	0.0	0.0	0.0	0.000654	0.0	0.316327	0.0	0.316327	True	decreased
cetobacterium	genus	decreased	0.0	0.0	0.0	0.022353	0.01227	0.042917	0.285714	0.82	-0.626204	False	
atopobium vaginae	species	increased	0.0	0.0	0.0	0.0	0.000639	0.0	0.306122	0.0	0.306122	False	
mycobacterium	genus	increased	0.0	0.0	0.0	0.0	0.000398	0.0	0.306122	0.0	0.306122	False	
nesterenkonia	genus	increased	0.0	0.0	0.0	0.0	0.000743	0.0	0.306122	0.0	0.306122	False	
pseudoalteromonas	genus	increased	0.0	0.0	0.0	0.0	0.000611	0.0	0.306122	0.0	0.306122	False	
salinispora	genus	increased	0.0	0.0	0.0	0.0	0.000731	0.0	0.306122	0.0	0.306122	False	
ureibacillus	genus	increased	0.0	0.0	0.0	0.0	0.000316	0.0	0.306122	0.0	0.306122	False	
vibrio	genus	increased	0.0	0.0	0.0	0.0	0.001289	4.3e-05	0.346939	0.012	0.334857	False	
coprothermobacter	genus	decreased	0.0	0.0	0.0	0.006145	9.6e-05	0.01206	0.040816	0.58	-0.56098	False	
faecalitalea	genus	decreased	0.0	0.0	0.0	0.005244	0.0	0.014181	0.0	0.548	-0.548	False	
peptostreptococcus anaerobius	species	increased	0.0	0.0	0.0	0.0	0.000735	0.0	0.295918	0.0	0.295918	False	
prauserella rugosa	species	increased	0.0	0.0	0.0	0.0	0.000382	0.0	0.295918	0.0	0.295918	False	
pseudoxanthomonas mexicana	species	increased	0.0	0.0	0.0	0.0	0.00078	0.0	0.295918	0.0	0.295918	False	
ruminofilibacter xylanolyticum	species	increased	0.0	0.0	0.0	0.0	0.001099	0.0	0.295918	0.0	0.295918	False	
salinispora tropica	species	increased	0.0	0.0	0.0	0.0	0.000722	0.0	0.295918	0.0	0.295918	False	
symbiothrix	genus	decreased	0.0	0.0	0.0	0.005481	0.0	0.008873	0.0	0.544	-0.544	False	
parapedobacter	genus	increased	0.0	0.0	0.0	0.0	0.001606	0.0	0.295918	0.0	0.295918	False	
prauserella	genus	increased	0.0	0.0	0.0	0.0	0.000382	0.0	0.295918	0.0	0.295918	False	
pseudoxanthomonas	genus	increased	0.0	0.0	0.0	0.0	0.000789	0.0	0.295918	0.0	0.295918	False	
saccharofermentans	genus	decreased	0.0	0.0	0.0	0.004378	0.0	0.010861	0.0	0.54	-0.54	False	
stoquefichus	genus	decreased	0.0	0.0	0.0	0.004854	0.0	0.0097	0.0	0.54	-0.54	False	
clostridium	species	decreased	0.0	0.0	0.0	0.004487	0.0	0.008183	0.0	0.536	-0.536	True	mixed
brackiella oedipodis	species	increased	0.0	0.0	0.0	0.0	0.01678	3.4e-05	0.306122	0.004	0.302041	False	
fournierella	genus	decreased	0.0	0.0	0.0	0.005087	0.0	0.021112	0.0	0.536	-0.536	False	
brackiella	genus	increased	0.0	0.0	0.0	0.0	0.01678	3.4e-05	0.306122	0.004	0.302041	False	
prevotella tannerae	species	increased	0.0	0.0	0.0	0.0	0.00031	0.0	0.285714	0.0	0.285714	False	
sulfurospirillum	genus	increased	0.0	0.0	0.0	0.0	0.000339	0.0	0.285714	0.0	0.285714	False	
faecalibaculum	genus	decreased	0.0	0.0	0.0	0.003232	0.0	0.009684	0.0	0.528	-0.528	False	
roseburia	genus	decreased	0.0	0.0	0.349087	1.632744	0.501381	0.957465	1.0	0.988	-0.600082	True	decreased
ruminofilibacter	genus	increased	0.0	0.0	0.0	0.0	0.001099	2.9e-05	0.295918	0.004	0.29098	False	
barnesiella viscericola	species	increased	0.0	0.0	0.0	0.0	0.000694	0.0	0.27551	0.0	0.27551	False	
dok59	genus	increased	0.0	0.0	0.0	0.0	0.000772	0.0	0.27551	0.0	0.27551	False	
dehalobacterium	genus	increased	0.0	0.0	0.0	0.0	0.001477	0.000361	0.44898	0.052	0.381878	False	
acinetobacter	genus	increased	0.0	0.0	0.000221	0.0	0.001727	0.000667	0.5	0.068	0.404694	False	
pigmentiphaga	genus	increased	0.0	0.0	0.0	0.0	0.000431	1.1e-05	0.285714	0.004	0.280898	False	
cellulosilyticum	genus	decreased	0.0	0.0	0.0	0.000243	0.0	0.011869	0.0	0.504	-0.504	False	
enterobacter pyrinus	species	increased	0.0	0.0	0.0	0.0	0.000883	0.0	0.265306	0.0	0.265306	False	
porphyromonas endodontalis	species	increased	0.0	0.0	0.0	0.0	0.000186	0.0	0.265306	0.0	0.265306	False	
anaerobaculum	genus	increased	0.0	0.0	0.0	0.0	0.000249	0.0	0.265306	0.0	0.265306	False	
janthinobacterium	genus	increased	0.0	0.0	0.0	0.0	0.000302	0.0	0.265306	0.0	0.265306	False	
lysinibacillus	genus	increased	0.0	0.0	0.0	0.0	0.000266	0.0	0.265306	0.0	0.265306	False	
tepidibacter	genus	increased	0.0	0.0	0.0	0.0	0.000637	0.0	0.265306	0.0	0.265306	False	
papillibacter	genus	decreased	0.0	0.0	0.0	0.008068	0.000205	0.013645	0.22449	0.628	-0.543755	False	
caldicellulosiruptor saccharolyticus	species	increased	0.0	0.0	0.0	0.0	0.000479	0.0	0.255102	0.0	0.255102	False	
clostridium maritimum	species	increased	0.0	0.0	0.0	0.0	0.000614	0.0	0.255102	0.0	0.255102	False	
sufflavibacter maritimus	species	increased	0.0	0.0	0.0	0.0	0.000521	0.0	0.255102	0.0	0.255102	False	
sufflavibacter	genus	increased	0.0	0.0	0.0	0.0	0.000521	0.0	0.255102	0.0	0.255102	False	
brevibacillus	genus	increased	0.0	0.0	0.000457	0.0	0.000847	0.000727	0.561224	0.1	0.418327	False	
anaerofilum	genus	increased	0.0	0.0	0.00982	0.0	0.016053	0.003406	0.77551	0.328	0.513959	False	
pseudopedobacter	genus	decreased	0.0	0.0	0.0	0.0	0.0	0.010161	0.0	0.472	-0.472	False	
pseudoalteromonas porphyrae	species	increased	0.0	0.0	0.0	0.0	0.000533	0.0	0.244898	0.0	0.244898	False	
pyramidobacter piscolens	species	increased	0.0	0.0	0.0	0.0	0.0014	0.0	0.244898	0.0	0.244898	False	
ruminococcus callidus	species	increased	0.0	0.0	0.0	0.0	0.000363	0.0	0.244898	0.0	0.244898	True	decreased
kingella	genus	increased	0.0	0.0	0.0	0.0	0.000497	4.2e-05	0.27551	0.008	0.26751	False	
pantoea	genus	increased	0.0	0.0	0.0	0.0	0.000398	0.0	0.244898	0.0	0.244898	False	
cetobacterium somerae	species	increased	0.0	0.0	0.0	0.0	0.012147	0.000173	0.285714	0.012	0.27298	False	
bifidobacterium bifidum	species	increased	0.0	0.0	0.0	0.0	0.00658	9.9e-05	0.295918	0.016	0.280735	False	
howardella	genus	decreased	0.0	0.0	0.0	0.0	0.0	0.018318	0.0	0.464	-0.464	False	
acidaminococcus	genus	increased	0.0	0.0	0.001082	0.0	0.011776	0.024179	0.693878	0.156	0.449714	False	
aquincola tertiaricarbonis	species	increased	0.0	0.0	0.0	0.0	0.00022	0.0	0.234694	0.0	0.234694	False	
bacillus cereus	species	increased	0.0	0.0	0.0	0.0	0.000528	0.0	0.234694	0.0	0.234694	False	
clostridium cocleatum	species	increased	0.0	0.0	0.0	0.0	0.007419	0.0	0.234694	0.0	0.234694	False	
atopobium	genus	increased	0.0	0.0	0.000581	0.0	0.005202	0.001005	0.55102	0.112	0.406204	False	
proteus	genus	increased	0.0	0.0	0.0	0.0	0.003197	0.000104	0.265306	0.008	0.257388	False	
aquincola	genus	increased	0.0	0.0	0.0	0.0	0.00022	0.0	0.234694	0.0	0.234694	False	
dickeya	genus	increased	0.0	0.0	0.0	0.0	0.000347	0.0	0.234694	0.0	0.234694	False	
comamonas	genus	increased	0.0	0.0	0.0	0.0	0.000565	0.0	0.244898	0.004	0.241878	False	
phocea	genus	decreased	0.0	0.0	0.0	0.0	0.0	0.006159	0.0	0.444	-0.444	False	
methylobacillus	genus	increased	0.0	0.0	0.0	0.0	0.00031	2.8e-05	0.244898	0.004	0.239918	False	
alicyclobacillus pomorum	species	increased	0.0	0.0	0.0	0.0	0.000831	0.0	0.22449	0.0	0.22449	False	
bifidobacterium pseudolongum	species	increased	0.0	0.0	0.0	0.0	0.000372	0.0	0.22449	0.0	0.22449	False	
cronobacter turicensis	species	increased	0.0	0.0	0.0	0.0	0.000414	0.0	0.22449	0.0	0.22449	False	
enterobacter hormaechei	species	increased	0.0	0.0	0.0	0.0	0.000323	0.0	0.22449	0.0	0.22449	False	
wchb1-84	genus	increased	0.0	0.0	0.0	0.0	0.000694	0.0	0.22449	0.0	0.22449	False	
oxalobacter formigenes	species	increased	0.0	0.0	0.0	0.0	0.001119	1e-06	0.234694	0.004	0.231551	False	
filifactor	genus	increased	0.0	0.0	0.0	0.0	0.000288	6.1e-05	0.255102	0.008	0.245061	False	
fastidiosipila	genus	decreased	0.0	0.0	0.0	0.0	0.0	0.007734	0.0	0.432	-0.432	False	
syntrophorhabdus	genus	decreased	0.0	0.0	0.0	0.0	0.0	0.013967	0.0	0.432	-0.432	False	
peptoniphilus	genus	increased	0.0	0.0	0.0	0.0	0.000559	0.00054	0.336735	0.032	0.294531	False	
mobiluncus	genus	increased	0.0	0.0	0.0	0.0	0.000346	2.6e-05	0.234694	0.004	0.229837	False	
desulfovibrio d168	species	increased	0.0	0.0	0.0	0.0	0.018477	0.0	0.214286	0.0	0.214286	False	
haemophilus parasuis	species	increased	0.0	0.0	0.0	0.0	0.000601	0.0	0.214286	0.0	0.214286	False	
janthinobacterium lividum	species	increased	0.0	0.0	0.0	0.0	0.000187	0.0	0.214286	0.0	0.214286	False	
pantoea agglomerans	species	increased	0.0	0.0	0.0	0.0	0.000318	0.0	0.214286	0.0	0.214286	False	
prevotella pallens	species	increased	0.0	0.0	0.0	0.0	0.000156	0.0	0.214286	0.0	0.214286	False	
clostridiaceae bacterium djf vr09	species	decreased	0.0	0.0	0.0	0.0	0.0	0.005275	0.0	0.412	-0.412	False	
ruminococcus albus	species	increased	0.0	0.0	0.0	0.0	0.000854	0.000201	0.22449	0.004	0.219592	False	
brevibacillus laterosporus	species	increased	0.0	0.0	0.0	0.0	0.000179	0.0	0.204082	0.0	0.204082	False	
clostridium hungatei	species	increased	0.0	0.0	0.0	0.0	0.000316	0.0	0.204082	0.0	0.204082	False	
macrococcus caseolyticus	species	increased	0.0	0.0	0.0	0.0	0.000453	0.0	0.204082	0.0	0.204082	False	
butyrivibrio	genus	increased	0.0	0.0	0.058536	0.007987	0.076768	0.124898	1.0	0.652	0.503673	True	increased
caloramator	genus	increased	0.0	0.0	0.0	0.0	0.000967	0.000687	0.469388	0.084	0.34849	False	
brochothrix	genus	increased	0.0	0.0	0.0	0.0	0.000244	0.0	0.204082	0.0	0.204082	False	
pasteurella	genus	increased	0.0	0.0	0.0	0.0	0.000342	0.0	0.204082	0.0	0.204082	False	
rummeliibacillus	genus	increased	0.0	0.0	0.0	0.0	0.000234	0.0	0.204082	0.0	0.204082	False	
alicyclobacillus	genus	increased	0.0	0.0	0.0	0.0	0.00088	4.8e-05	0.234694	0.008	0.225306	False	
peptoclostridium	genus	decreased	0.0	0.0	0.0	0.0	0.0	0.004464	0.0	0.4	-0.4	False	
blautia	genus	decreased	0.0	0.0	0.704131	1.418474	0.569908	0.905581	1.0	1.0	-0.49951	True	mixed
mogibacterium	genus	decreased	0.0	0.0	0.0	0.006024	0.000657	0.009883	0.357143	0.612	-0.465673	False	
odoribacter	genus	decreased	0.0	0.0	0.026477	0.127055	0.065258	0.208687	0.938776	0.936	-0.488898	False	
lactobacillus	genus	decreased	0.0	0.0	0.002906	0.024235	0.024854	0.037555	0.867347	0.844	-0.484776	True	decreased
prolixibacter	genus	decreased	0.0	0.0	0.0	0.0	0.0	0.009564	0.0	0.38	-0.38	False	
macrococcus	genus	increased	0.0	0.0	0.0	0.0	0.000453	2.2e-05	0.204082	0.004	0.199347	False	
flavobacterium	genus	increased	0.0	0.0	0.0	0.0	0.000275	0.000109	0.234694	0.012	0.219878	False	
terrisporobacter	genus	decreased	0.0	0.0	0.0	0.0	0.0	0.009064	0.0	0.376	-0.376	True	decreased
sedimentibacter	genus	decreased	0.0	0.0	0.0	0.004854	0.000358	0.010152	0.234694	0.552	-0.440082	False	
intestinibacter	genus	decreased	0.0	0.0	0.0	0.0	0.0	0.008279	0.0	0.372	-0.372	True	decreased
moryella	genus	decreased	0.0	0.0	0.006377	0.029992	0.01378	0.032964	0.969388	0.86	-0.474082	False	
faecalibacterium	genus	decreased	0.0	0.0	2.793814	6.104647	1.274944	1.93397	1.0	1.0	-0.473633	True	decreased
alistipes	species	decreased	0.0	0.0	0.0	0.0	0.0	0.00746	0.0	0.364	-0.364	False	
fusicatenibacter saccharivorans	species	decreased	0.0	0.0	0.0	0.0	0.0	0.00434	0.0	0.364	-0.364	True	decreased
akkermansia muciniphila	species	decreased	0.0	0.0	0.0	0.023636	0.024624	0.093032	0.244898	0.636	-0.444245	True	increased
dorea longicatena	species	decreased	0.0	0.0	0.0	0.0	0.0	0.004709	0.0	0.36	-0.36	False	
clostridium neonatale	species	increased	0.0	0.0	0.0	0.0	0.004282	1.8e-05	0.204082	0.008	0.196408	False	
gracilibacter	genus	increased	0.0	0.0	0.000733	0.0	0.003339	0.002356	0.561224	0.156	0.365673	False	
coprobacter	genus	decreased	0.0	0.0	0.0	0.0	0.0	0.031475	0.0	0.36	-0.36	False	
bacteroides nordii	species	increased	0.0	0.0	0.0	0.0	0.0009	0.000432	0.306122	0.04	0.256408	False	
sporotomaculum	genus	increased	0.0	0.0	0.0	0.0	0.000361	3.7e-05	0.204082	0.008	0.196163	False	
facklamia	genus	increased	0.0	0.0	0.0	0.0	0.000218	1.8e-05	0.204082	0.008	0.196082	False	
clostridium leptum	species	decreased	0.0	0.0	0.0	0.0	0.0	0.005974	0.0	0.352	-0.352	False	
pseudoflavonifractor	genus	decreased	0.0	0.0	0.0	0.0	0.0	0.003392	0.0	0.352	-0.352	False	
eubacterium siraeum	species	decreased	0.0	0.0	0.0	0.0	0.0	0.009294	0.0	0.348	-0.348	False	
prevotella	species	decreased	0.0	0.0	0.0	0.0	0.0	0.003725	0.0	0.344	-0.344	True	increased
methanobrevibacter	genus	decreased	0.0	0.0	0.0	0.0	0.001806	0.133469	0.112245	0.46	-0.39	True	decreased
anaerovorax	genus	decreased	0.0	0.0	0.0	0.005063	0.000388	0.008196	0.295918	0.552	-0.417224	False	
parvimonas	genus	decreased	0.0	0.0	0.0	0.0	0.000806	0.001406	0.44898	0.1	0.312163	False	
dialister	genus	increased	0.0	0.0	0.216643	0.024007	0.357603	0.215077	0.989796	0.844	0.447429	False	
streptococcus	genus	decreased	0.0	0.0	0.021887	0.079437	0.053087	0.153868	1.0	0.948	-0.445959	False	
libanicoccus	genus	decreased	0.0	0.0	0.0	0.0	0.0	0.007563	0.0	0.312	-0.312	False	
roseburia	species	decreased	0.0	0.0	0.0	0.0	0.0	0.003251	0.0	0.308	-0.308	True	decreased
leptotrichia	genus	increased	0.0	0.0	0.0	0.0	0.003412	0.000992	0.255102	0.036	0.215306	False	
dielma	genus	decreased	0.0	0.0	0.0	0.0	0.0	0.002805	0.0	0.3	-0.3	False	
pseudobutyrivibrio	species	decreased	0.0	0.0	0.0	0.0	0.0	0.002764	0.0	0.296	-0.296	True	decreased
alkaliphilus	genus	increased	0.0	0.0	0.0	0.0	0.000955	0.000843	0.418367	0.1	0.283306	False	
weissella	genus	increased	0.0	0.0	0.0	0.0	0.001898	0.001426	0.255102	0.036	0.212857	True	decreased
brachymonas	genus	decreased	0.0	0.0	0.0	0.0	0.0	0.010747	0.0	0.292	-0.292	False	
tannerella	genus	increased	0.0	0.0	0.016177	0.006999	0.035264	0.014242	0.969388	0.592	0.402857	False	
armantifilum	genus	decreased	0.0	0.0	0.0	0.0	0.0	0.002658	0.0	0.288	-0.288	False	
alistipes finegoldii	species	decreased	0.0	0.0	0.0	0.0	0.0	0.003123	0.0	0.284	-0.284	False	
competibacter	genus	decreased	0.0	0.0	0.0	0.0	0.0	0.00349	0.0	0.28	-0.28	False	
trichococcus	genus	increased	0.0	0.0	0.0	0.0	0.000232	0.000138	0.214286	0.024	0.185306	False	
methanosphaera	genus	decreased	0.0	0.0	0.0	0.0	4e-06	0.035146	0.010204	0.292	-0.284776	False	
vestibaculum	genus	decreased	0.0	0.0	0.0	0.0	5e-06	0.003186	0.010204	0.292	-0.284776	False	
bilophila	genus	increased	0.0	0.0	0.051325	0.010737	0.116218	0.026511	0.857143	0.62	0.390122	False	
megasphaera	genus	increased	0.0	0.0	0.010263	0.005517	0.080157	0.016468	0.94898	0.564	0.387388	False	
ruminococcaceae bacterium	species	decreased	0.0	0.0	0.0	0.0	0.0	0.006179	0.0	0.268	-0.268	False	
pseudobutyrivibrio	genus	decreased	0.0	0.0	0.000853	0.008497	0.001771	0.013839	0.642857	0.64	-0.379837	True	decreased
ruminococcus bromii	species	increased	0.0	0.0	0.000192	0.0	0.027544	0.002922	0.5	0.208	0.308816	False	
propionibacterium	genus	decreased	0.0	0.0	0.0	0.0	0.00063	0.00296	0.306122	0.064	0.225633	False	
veillonella	genus	increased	0.0	0.0	0.05432	0.022559	0.089864	0.052952	1.0	0.8	0.381551	False	
anaerotruncus	genus	decreased	0.0	0.0	0.0	0.005484	0.001122	0.010673	0.418367	0.564	-0.35751	True	decreased
butyricimonas	genus	increased	0.0	0.0	0.149469	0.05722	0.187629	0.090936	0.979592	0.72	0.374531	False	
acetanaerobacterium	genus	decreased	0.0	0.0	0.0	0.0	0.0	0.002927	0.0	0.252	-0.252	False	
solibacillus	genus	decreased	0.0	0.0	0.0	0.0	3.2e-05	0.005487	0.05102	0.316	-0.28102	False	
bacteroides	genus	increased	0.0	0.0	16.086867	9.103893	2.887601	2.31066	1.0	0.992	0.372816	True	decreased
gemmatirosa	genus	decreased	0.0	0.0	0.0	0.0	0.0	0.005389	0.0	0.248	-0.248	False	
papillibacter cinnamivorans	species	decreased	0.0	0.0	0.0	0.0	0.000205	0.000278	0.22449	0.036	0.182204	False	
polynucleobacter	genus	decreased	0.0	0.0	0.0	0.0	0.000231	0.000264	0.22449	0.036	0.180898	False	
peptostreptococcus	genus	increased	0.0	0.0	0.000525	0.0	0.00174	0.001937	0.540816	0.184	0.289633	False	
blautia massiliensis	species	decreased	0.0	0.0	0.0	0.0	0.0	0.002353	0.0	0.236	-0.236	False	
porphyromonas	genus	increased	0.0	0.0	0.010208	0.005517	0.01453	0.009252	1.0	0.592	0.354367	False	
pseudomonas	genus	increased	0.0	0.0	0.00155	0.0	0.007544	0.004121	0.72449	0.304	0.322449	False	
acetivibrio	genus	decreased	0.0	0.0	0.0	0.0	0.0	0.002416	0.0	0.232	-0.232	False	
acholeplasma	genus	increased	0.0	0.0	0.0	0.0	0.003522	0.00022	0.204082	0.032	0.168327	False	
allobaculum	genus	increased	1e-06	1e-06	0.0	0.0	0.001952	0.000534	0.295918	0.076	0.20698	False	
roseburia inulinivorans	species	decreased	1e-06	1e-06	0.0	0.0	0.0	0.002103	0.0	0.216	-0.216	False	
leuconostoc	genus	decreased	1e-06	1e-06	0.0	0.0	0.000767	0.000882	0.255102	0.056	0.187347	False	
acetatifactor	genus	decreased	1e-06	1e-06	0.0	0.0	0.0	0.001614	0.0	0.212	-0.212	False	
oscillibacter	species	decreased	1e-06	1e-06	0.0	0.0	0.0	0.001507	0.0	0.208	-0.208	True	decreased
collinsella aerofaciens	species	increased	1e-06	1e-06	0.033642	0.00915	0.085361	0.027378	0.806122	0.596	0.325673	True	decreased
rothia	genus	decreased	1e-06	1e-06	0.0	0.0	0.002095	0.002139	0.44898	0.152	0.248816	False	
parabacteroides	genus	increased	2e-06	2e-06	1.115195	0.752763	0.848527	0.587454	1.0	0.984	0.327837	True	mixed
acidaminobacter	genus	decreased	3e-06	3e-06	0.0	0.0	4.7e-05	0.003064	0.030612	0.24	-0.21649	False	
gemella	genus	increased	3e-06	4e-06	0.000499	0.0	0.001669	0.002174	0.561224	0.208	0.261469	False	
turicibacter	genus	decreased	5e-06	6e-06	0.004295	0.022667	0.051044	0.058678	0.755102	0.824	-0.31249	False	
sarcina	genus	decreased	5e-06	6e-06	0.0	0.0	0.002369	0.002375	0.489796	0.184	0.245061	False	
dietzia	genus	decreased	1.2e-05	1.3e-05	0.0	0.0	1.4e-05	0.002306	0.030612	0.22	-0.196122	False	
burkholderia	genus	increased	1.6e-05	1.8e-05	0.000357	0.0	0.001319	0.009868	0.530612	0.196	0.238531	False	
pyramidobacter	genus	increased	1.6e-05	1.9e-05	0.0	0.0	0.001696	0.000533	0.265306	0.08	0.174776	False	
peptococcus	genus	decreased	1.8e-05	2e-05	0.000908	0.006497	0.001315	0.03331	0.622449	0.564	-0.284286	False	
fusobacterium	genus	increased	2.4e-05	2.7e-05	0.002395	0.0	0.246129	0.021683	0.622449	0.384	0.265796	False	
lactococcus	genus	increased	2.5e-05	2.8e-05	0.000557	0.0	0.00172	0.003271	0.581633	0.232	0.243102	False	
holdemania	genus	decreased	2.6e-05	2.9e-05	0.001735	0.009142	0.005339	0.018467	0.663265	0.656	-0.283837	True	decreased
sporobacter	genus	decreased	4.6e-05	5.1e-05	0.0	0.0	3.7e-05	0.002038	0.030612	0.2	-0.17551	False	
campylobacter	genus	increased	5.4e-05	5.9e-05	0.0	0.0	0.002241	0.001016	0.285714	0.1	0.174041	False	
rikenella	genus	increased	0.000175	0.000193	0.000401	0.0	0.00093	0.002099	0.530612	0.216	0.210694	False	
caldicellulosiruptor	genus	decreased	0.000189	0.000207	0.0	0.0	0.000479	0.001879	0.255102	0.084	0.151469	False	
nocardia	genus	decreased	0.000473	0.000516	0.0	0.0	3.6e-05	0.001736	0.061224	0.204	-0.155265	False	
syntrophomonas	genus	increased	0.002034	0.002212	0.000426	0.0	0.001988	0.003184	0.520408	0.248	0.176898	False	
victivallis	genus	decreased	0.002434	0.002636	0.0	0.0	0.003535	0.02382	0.183673	0.304	-0.163347	False	
christensenella	genus	decreased	0.002539	0.002739	0.0	0.0	0.000234	0.000774	0.204082	0.076	0.113959	False	
oxalobacter	genus	increased	0.00293	0.003148	0.0	0.0	0.001385	0.001232	0.265306	0.116	0.130204	False	
anaerofustis	genus	decreased	0.003637	0.003893	0.0	0.0	8.3e-05	0.002362	0.102041	0.216	-0.135429	False	
robinsoniella	genus	decreased	0.006118	0.006522	0.0	0.0	0.000436	0.003719	0.173469	0.28	-0.143673	False	
phascolarctobacterium	genus	increased	0.007885	0.008374	0.277892	0.212743	0.375662	0.243898	0.979592	0.92	0.183102	False	
bifidobacterium	genus	decreased	0.008411	0.008898	0.026946	0.108246	0.149821	0.319461	0.77551	0.744	-0.180245	False	
desulfosporosinus	genus	decreased	0.017243	0.018171	0.0	0.0	0.000498	0.00259	0.387755	0.196	0.124816	False	
haemophilus	genus	increased	0.025251	0.026509	0.017276	0.013321	0.0916	0.03464	0.928571	0.72	0.153388	False	
succiniclasticum	genus	decreased	0.033281	0.034805	0.009535	0.020621	0.018649	0.034586	0.908163	0.712	-0.145796	False	
